publication_date,job_type,job,company,city,country
2024-03-08,external,Pharmacy Technician,CVS Health,Richardson, TX
2024-03-08,external,Shift Supervisor Trainee,CVS Health,Olney, MD
2024-03-08,external,Store Associate,CVS Health,Bethlehem, PA
2023-05-26,external,IT Business Partner manager (m/f/d),Siemens,Porto, Portugal
2024-03-08,external,Shift Supervisor Trainee,CVS Health,Scarsdale, NY
2024-03-08,external,Pharmacy Technician,CVS Health,South Hampton, NH
2024-03-08,external,Store Manager in Training,CVS Health,Romeoville, IL
2024-02-01,external,Equipment Maintenance Technician,SpaceX,El Segundo, CA
2024-03-08,external,Dist Suppt Pharmacist FT,CVS Health,Fort Wayne, IN
2024-03-08,external,Shift Supervisor Trainee,CVS Health,Fargo, ND
2024-03-08,external,Store Associate,CVS Health,Lakewood, NJ
2024-03-08,external,Pharmacy Technician,CVS Health,Naples, FL
2024-03-08,external,Store Associate,CVS Health,Irvine, CA
2024-03-08,external,Shift Supervisor Trainee,CVS Health,Ridgefield, CT
2024-03-02,external,Sr Applications Developer,Uber,Hyderabad, India
2023-06-17,external,Software Engineer (Go),Cisco Meraki,Duisburg, Germany
2024-03-08,external,Pharmacy Tech,CVS Health,Manchester, NH
2024-03-08,external,Dist Suppt Pharmacist PT,CVS Health,Montgomery, TX
2024-03-08,external,shift supervisor trainee,CVS Health,Auburn, AL
2024-03-08,external,Dist Suppt Pharmacist PT,CVS Health,Kansas City, MO
